2008,Gex,Ludwig,Moss,Python,cmoss0@shareasale.com
2013,Villeurbanne,Ludwig,Meriott,Python,pmeriott5@yellowpages.com
2017,Remote,Loic,Haggerston,Python,fhaggerston7@1und1.de
2010,Remote,Lena,Scroyton,Python,sscroytonb@ftc.gov
2012,Villeurbanne,Michel,Munning,Python,gmunningj@weebly.com
2013,Remote,Philippe,Zettler,Python,czettlero@msu.edu
2021,Villeurbanne,Jade,Swaddle,Python,eswaddlet@jigsy.com
2017,Remote,Franck,Mendel,Python,lmendelw@canalblog.com
2013,Saint-Martin,Claude,MacIntosh,Python,gmacintosh13@google.ru
2018,Gex,Adam,Jeays,Python,hjeays16@craigslist.org
2012,Charbonnieres,Mathieu,Tettersell,Python,stettersell1e@aol.com
2021,Villeurbanne,Sara,Pahler,Python,dpahler1h@blogger.com
2011,Villeurbanne,Sara,Kolodziejski,Python,tkolodziejski1i@wikimedia.org
2018,Gex,Loic,Etienne,Python,ketienne1j@shinystat.com
2021,Gex,Claude,Eouzan,Python,meouzan1l@hugedomains.com
2020,Remote,Kinglsey,Kelemen,Python,ckelemen1u@comsenz.com
2018,Remote,Veronique,Miners,Python,pminers20@oracle.com
2014,Remote,Adam,Iacobo,Python,miacobo21@nhs.uk
2008,Saint-Martin,Maude,Bontine,Python,mbontine24@sina.com.cn
2019,Villeurbanne,Jade,Frondt,Python,nfrondt25@gravatar.com
2014,Charbonnieres,Dorsun,Tapley,Python,btapley2i@theglobeandmail.com
2017,Remote,Iliana,Algore,Python,ialgore2k@t-online.de
2021,Villeurbanne,Kais,Pyle,Python,jpyle2l@mail.ru
2012,Charbonnieres,Kinglsey,Grundy,Python,agrundy2r@simplemachines.org
2018,Saint-Martin,Bilel,Gallihawk,Python,bgallihawk2v@reddit.com
2021,Remote,David,Dainter,Python,gdainter2x@amazonaws.com
2008,Charbonnieres,Adam,Henaughan,Python,shenaughan37@seesaa.net
2018,Charbonnieres,Veronique,Morrel,Python,dmorrel3e@soundcloud.com
2016,Villeurbanne,Ali,Folland,Python,mfolland3g@twitpic.com
2018,Villeurbanne,Bilel,Burgwin,Python,mburgwin3i@tmall.com
2008,Saint-Martin,Kais,Aiston,Python,daiston3j@1688.com
2015,Gex,Bilel,Jagson,Python,hjagson3l@wikipedia.org
2011,Gex,Theo,Blankley,Python,gblankley3m@sbwire.com
2017,Villeurbanne,Susy,Di Giorgio,Python,rdigiorgio3r@bbc.co.uk
2018,Remote,Jean-loup,Perllman,Python,bperllman42@usda.gov
2017,Gex,Corentin,Routhorn,Python,brouthorn43@noaa.gov
2016,Gex,Dorsun,Cream,Python,lcream48@istockphoto.com
2021,Villeurbanne,Sara,Sinkings,Python,ksinkings4a@tripadvisor.com
2014,Gex,Lena,Esmonde,Python,pesmonde4e@ycombinator.com
2009,Saint-Martin,Corentin,Castletine,Python,jcastletine4f@state.gov
2011,Villeurbanne,Nicolas,Santon,Python,hsanton4t@prlog.org
2015,Villeurbanne,Tony,Geoghegan,Python,egeoghegan4u@time.com
2019,Gex,Susy,Pridmore,Python,ppridmore55@gravatar.com
2020,Villeurbanne,Eric,Maylott,Python,hmaylott56@redcross.org
2012,Charbonnieres,Mia,Meers,Python,pmeers57@latimes.com
2009,Gex,Jade,Hurton,Python,ahurton5a@seesaa.net
2008,Saint-Martin,Jade,Cahill,Python,acahill5d@elpais.com
2021,Villeurbanne,Mathieu,Kinglake,Python,zkinglake5k@devhub.com
2013,Remote,Jennifer,Aiken,Python,caiken5u@facebook.com
2021,Gex,Matteo,Turpin,Python,sturpin5y@tinypic.com
2013,Villeurbanne,Mia,Petranek,Python,mpetranek5z@narod.ru
2016,Gex,Franck,Charlon,Python,zcharlon68@barnesandnoble.com
2011,Villeurbanne,Jennifer,Von Brook,Python,tvonbrook69@samsung.com
2019,Saint-Martin,Dorsun,Loughren,Python,cloughren6a@issuu.com
2017,Charbonnieres,Ludwig,Elcombe,Python,melcombe6h@foxnews.com
2017,Saint-Martin,Jean-loup,Doneld,Python,bdoneld6o@phoca.cz
2012,Charbonnieres,Jean-loup,Cron,Python,hcron6q@pbs.org
2008,Villeurbanne,Kais,Mueller,Python,wmueller6u@yandex.ru
2017,Charbonnieres,Juliette,Roderighi,Python,iroderighi70@springer.com
2014,Charbonnieres,Anna,Kanzler,Python,gkanzler7f@is.gd
2016,Villeurbanne,Alice,Derham,Python,fderham7j@merriam-webster.com
2021,Charbonnieres,Eric,Pywell,Python,mpywell7l@discovery.com
2021,Gex,Jennifer,Bisiker,Python,ebisiker7r@webs.com
2012,Charbonnieres,Jean-loup,Spinella,Python,kspinella7v@free.fr
2016,Remote,Lena,Wenn,Python,cwenn7x@php.net
2014,Villeurbanne,Jean-loup,Boughton,Python,eboughton80@mit.edu
2019,Remote,Mia,Broady,Python,mbroady83@shop-pro.jp
2010,Gex,Veronique,Kadwallider,Python,skadwallider86@seesaa.net
2018,Villeurbanne,Dorsun,Burgane,Python,mburgane8a@flavors.me
2017,Villeurbanne,Franck,Birkbeck,Python,tbirkbeck8d@disqus.com
2020,Saint-Martin,Maude,Brandes,Python,cbrandes8e@etsy.com
2018,Charbonnieres,Loic,Cariss,Python,ccariss8h@patch.com
2010,Saint-Martin,Ali,Tomasutti,Python,rtomasutti8j@hibu.com
2017,Villeurbanne,Eric,Plessing,Python,cplessing8s@google.co.uk
2010,Gex,Kais,Perrottet,Python,dperrottet8x@meetup.com
2016,Gex,Eric,Hadleigh,Python,chadleigh8z@bizjournals.com
2015,Saint-Martin,Melodie,Franciottoi,Python,dfranciottoi90@behance.net
2011,Gex,Theo,Mercik,Python,rmercik91@mit.edu
2009,Charbonnieres,Theo,Shubotham,Python,lshubotham95@gov.uk
2015,Charbonnieres,Nicolas,Rudsdale,Python,arudsdale96@webeden.co.uk
2015,Villeurbanne,Alice,Truin,Python,ltruin9a@ca.gov
2010,Saint-Martin,Catherine,Debill,Python,mdebill9b@diigo.com
2015,Villeurbanne,Kais,Rooksby,Python,brooksby9f@phpbb.com
2009,Charbonnieres,Dorsun,de Mullett,Python,edemullett9h@patch.com
2020,Charbonnieres,Melodie,Parram,Python,gparram9o@nifty.com
2018,Saint-Martin,Veronique,Aldrick,Python,qaldrick9p@ezinearticles.com
2009,Saint-Martin,Ludwig,Tolland,Python,gtolland9t@cnet.com
2012,Remote,Dorsun,Sussems,Python,msussems9w@trellian.com
2010,Saint-Martin,Yoann,Reignard,Python,creignarda1@opera.com
2014,Villeurbanne,Ali,Caustick,Python,ecausticka3@zdnet.com
2012,Villeurbanne,Susy,Verney,Python,cverneya5@dyndns.org
2009,Gex,Jennifer,Brindle,Python,mbrindlea6@fotki.com
2014,Villeurbanne,Michel,Sweetsur,Python,lsweetsurae@parallels.com
2013,Gex,Lena,Dwane,Python,mdwaneai@mysql.com
2011,Villeurbanne,Loic,Nunns,Python,lnunnsak@imageshack.us
2015,Gex,Susy,Birrell,Python,kbirrellaq@paypal.com
2009,Remote,Alois,Winsper,Python,pwinsperax@usgs.gov
2013,Villeurbanne,Eric,Redit,Python,sreditb0@mlb.com
2008,Remote,Tony,Gregoraci,Python,jgregoracib5@cam.ac.uk
2020,Gex,Mathieu,Netley,Python,jnetleyb6@themeforest.net
2016,Charbonnieres,Bilel,Nunn,Python,gnunnb7@1688.com
2013,Remote,Lucas,Gilbank,Python,cgilbankb9@state.tx.us
2009,Gex,Bilel,Seadon,Python,bseadonbg@sciencedaily.com
2021,Remote,Tony,Danielovitch,Python,gdanielovitchbk@etsy.com
2013,Charbonnieres,Juliette,Loyd,Python,mloydbp@liveinternet.ru
2020,Gex,Karim,Manns,Python,mmannsbu@newsvine.com
2016,Charbonnieres,Adrien,Lattin,Python,jlattinby@about.me
2018,Villeurbanne,Adrien,How,Python,rhowc3@wikipedia.org
2020,Remote,Sara,Cuttles,Python,kcuttlesc8@yellowbook.com
2011,Saint-Martin,Lucas,Exon,Python,eexoncm@slideshare.net
2009,Remote,Claude,Gaitskill,Python,vgaitskillcv@youtu.be
2009,Villeurbanne,Aurelien,Mughal,Python,tmughald8@myspace.com
2012,Villeurbanne,David,De la Yglesias,Python,pdelayglesiasde@weebly.com
2021,Saint-Martin,Kais,Genty,Python,vgentydh@amazonaws.com
2019,Saint-Martin,Jennifer,Scurrer,Python,cscurrerdm@nps.gov
2014,Saint-Martin,Sara,Beacon,Python,rbeacondr@pbs.org
2011,Remote,Philippe,Olyff,Python,solyffdt@newyorker.com
2016,Charbonnieres,Alice,Brumfitt,Python,gbrumfittdu@nps.gov
2012,Villeurbanne,Nicolas,Denham,Python,gdenhamdv@cmu.edu
2019,Villeurbanne,Alois,Slocket,Python,aslockete0@xinhuanet.com
2018,Saint-Martin,Alice,O'Hengerty,Python,mohengertye4@blog.com
2012,Charbonnieres,Lena,Kynson,Python,ekynsone5@ed.gov
2015,Saint-Martin,David,Whodcoat,Python,lwhodcoate6@acquirethisname.com
2013,Saint-Martin,Nicolas,Goldstraw,Python,rgoldstrawe8@icq.com
2013,Charbonnieres,Susy,O'Logan,Python,kologane9@dion.ne.jp
2018,Villeurbanne,Melodie,Cottel,Python,acottelen@cafepress.com
2014,Gex,Franck,Marryatt,Python,jmarryatteo@state.tx.us
2013,Villeurbanne,Fazul,Holtum,Python,kholtumes@lycos.com
2010,Villeurbanne,Philippe,MacCallion,Python,mmaccallionev@engadget.com
2009,Charbonnieres,Mathieu,Aujouanet,Python,raujouanetez@washingtonpost.com
2012,Remote,Claude,Kellie,Python,lkellief2@gmpg.org
2017,Charbonnieres,Jean-loup,Wickins,Python,swickinsf4@intel.com
2008,Gex,Iliana,Grolle,Python,bgrollefc@printfriendly.com
2021,Villeurbanne,David,Gonoude,Python,lgonoudefg@europa.eu
2020,Remote,Kinglsey,O' Mullane,Python,lomullanefn@tamu.edu
2009,Remote,Anna,McPartling,Python,gmcpartlingfs@canalblog.com
2016,Gex,Lena,Wilne,Python,mwilneft@rediff.com
2009,Charbonnieres,David,Gerardin,Python,sgerardinfu@thetimes.co.uk
2021,Saint-Martin,Bilel,Henbury,Python,thenburyg5@reference.com
2017,Charbonnieres,Cedric,Royall,Python,croyallg8@columbia.edu
2008,Charbonnieres,Susy,Insoll,Python,pinsollgc@pen.io
2013,Remote,Jean-loup,Werndly,Python,ewerndlygd@wikia.com
2011,Villeurbanne,Loic,Pylkynyton,Python,dpylkynytongh@nhs.uk
2019,Saint-Martin,Claude,Conneely,Python,rconneelygj@imageshack.us
2014,Saint-Martin,David,Clementucci,Python,dclementuccigv@netlog.com
2015,Saint-Martin,Alois,Di Francecshi,Python,odifrancecshigw@cbslocal.com
2012,Gex,Karim,Eagles,Python,aeaglesh8@vk.com
2015,Gex,Lucas,Snartt,Python,rsnartth9@chronoengine.com
2010,Villeurbanne,Cedric,Basketter,Python,tbasketterhb@foxnews.com
2016,Gex,Lena,Crimmins,Python,acrimminshd@devhub.com
2020,Remote,Philippe,Milbank,Python,amilbankhe@walmart.com
2014,Saint-Martin,Loic,Marquez,Python,fmarquezhi@indiegogo.com
2017,Villeurbanne,Alois,Rickford,Python,krickfordhj@instagram.com
2011,Remote,Alois,Reisenstein,Python,areisensteinhm@nih.gov
2012,Remote,Fazul,Dillway,Python,gdillwayhp@webmd.com
2017,Saint-Martin,Iliana,Duffree,Python,bduffreehr@usda.gov
2010,Remote,Catherine,Mayoral,Python,mmayoralht@telegraph.co.uk
2017,Charbonnieres,Nicolas,Leger,Python,clegerhv@bluehost.com
2009,Gex,Adam,Verity,Python,bverityi4@nytimes.com
2011,Remote,Nicolas,Lias,Python,eliasi5@washingtonpost.com
2018,Charbonnieres,Nicolas,Dmych,Python,hdmychi6@t.co
2009,Saint-Martin,Adrien,Brimfield,Python,obrimfieldi9@e-recht24.de
2012,Charbonnieres,Juliette,Linsley,Python,slinsleyia@dyndns.org
2012,Remote,Franck,Pittam,Python,ppittamib@altervista.org
2010,Saint-Martin,Eric,Burless,Python,aburlessic@clickbank.net
2010,Saint-Martin,Mia,Renard,Python,crenardig@google.com.br
2013,Gex,Amanda,McKall,Python,mmckallii@google.es
2018,Saint-Martin,Iliana,O'Spellissey,Python,sospellisseyij@auda.org.au
2008,Charbonnieres,Nicolas,Slite,Python,msliteio@icq.com
2009,Villeurbanne,Veronique,Curnucke,Python,pcurnuckeiq@theglobeandmail.com
2010,Charbonnieres,Cedric,Burling,Python,kburlingis@slate.com
2019,Remote,Philippe,Lemary,Python,clemaryit@com.com
2016,Villeurbanne,Corentin,Rickeard,Python,srickeardiy@sakura.ne.jp
2012,Charbonnieres,Fazul,Guisby,Python,aguisbyiz@eventbrite.com
2012,Gex,Alois,Pavey,Python,apaveyj8@geocities.jp
2015,Saint-Martin,Yoann,Hatherall,Python,chatheralljf@jiathis.com
2011,Saint-Martin,Loic,Howatt,Python,dhowattjg@bluehost.com
2014,Charbonnieres,Michel,Siney,Python,gsineyjw@irs.gov
2015,Charbonnieres,Alexandre,Sweed,Python,fsweedjz@scribd.com
2014,Saint-Martin,Jennifer,Stanbridge,Python,astanbridgek8@facebook.com
2021,Villeurbanne,Catherine,Bullough,Python,lbulloughka@cbc.ca
2012,Charbonnieres,Jean-loup,Tolomelli,Python,btolomellikb@oracle.com
2017,Charbonnieres,Jean-loup,Borsnall,Python,eborsnallkc@blinklist.com
2015,Remote,Alexandre,Aloshikin,Python,saloshikinkf@weibo.com
2012,Villeurbanne,Tony,McKintosh,Python,emckintoshkw@bizjournals.com
2013,Villeurbanne,Mia,Hryncewicz,Python,dhryncewiczl1@addtoany.com
2013,Villeurbanne,Jean-loup,Degli Antoni,Python,ndegliantonil2@bigcartel.com
2014,Saint-Martin,Philippe,Stannas,Python,lstannasl7@engadget.com
2021,Charbonnieres,Eric,Edwicke,Python,sedwickeli@altervista.org
2012,Gex,Lena,Huxter,Python,vhuxterll@europa.eu
2009,Gex,Claude,Tschirschky,Python,rtschirschkylu@skype.com
2015,Villeurbanne,Maude,Mylchreest,Python,bmylchreestlw@issuu.com
2015,Gex,Adam,Finlater,Python,sfinlaterlx@zimbio.com
2018,Gex,Mathieu,Gasgarth,Python,egasgarthm3@is.gd
2016,Saint-Martin,Amanda,Ledford,Python,cledfordm4@reverbnation.com
2018,Remote,Franck,Pickover,Python,dpickoverma@1688.com
2012,Charbonnieres,Lena,Frood,Python,bfroodmg@archive.org
2014,Villeurbanne,Fazul,Jakoub,Python,cjakoubmh@smugmug.com
2017,Remote,Jennifer,Laurentino,Python,hlaurentinomj@ocn.ne.jp
2008,Charbonnieres,Jade,Blanchard,Python,mblanchardmn@aboutads.info
2013,Charbonnieres,Ali,Alen,Python,salenmt@ycombinator.com
2017,Gex,Theo,Mosey,Python,amoseymw@digg.com
2017,Saint-Martin,Alois,Main,Python,rmainn4@hp.com
2008,Charbonnieres,Alexandre,Marflitt,Python,pmarflittn9@yellowbook.com
2018,Charbonnieres,Eric,Gerrelts,Python,cgerreltsnb@ucoz.com
2017,Gex,Amanda,Jori,Python,djorind@chicagotribune.com
2016,Saint-Martin,Jade,Sheen,Python,nsheenne@nbcnews.com
2013,Gex,Mia,Oakman,Python,coakmannh@reddit.com
2017,Remote,Melodie,Borth,Python,gborthnj@theatlantic.com
2018,Gex,Ludwig,De Ruggiero,Python,gderuggieronm@g.co
2013,Saint-Martin,Mia,Long,Python,mlongnp@163.com
2012,Saint-Martin,David,Bugge,Python,mbuggenr@themeforest.net
2018,Villeurbanne,Claude,Faircliff,Python,lfaircliffnu@globo.com
2009,Charbonnieres,Ali,Newham,Python,knewhamnw@yolasite.com
2010,Charbonnieres,Adrien,Corbet,Python,bcorbeto4@cbsnews.com
2015,Saint-Martin,Susy,Illing,Python,pillingo9@mashable.com
2015,Charbonnieres,Veronique,Lillistone,Python,glillistoneob@irs.gov
2021,Charbonnieres,David,Brosio,Python,lbrosioog@google.co.uk
2017,Gex,Claude,Norrington,Python,snorringtonoj@bing.com
2019,Gex,Aurelien,Camerello,Python,dcamerellooo@diigo.com
2012,Villeurbanne,Kais,Fulloway,Python,mfullowayp0@nbcnews.com
2014,Saint-Martin,Alexandre,Iston,Python,mistonp5@ebay.com
2012,Saint-Martin,Alexandre,Fosdike,Python,mfosdikep6@nationalgeographic.com
2014,Villeurbanne,Alexandre,Jermey,Python,rjermeyp8@umn.edu
2019,Charbonnieres,Adam,Craw,Python,kcrawpa@salon.com
2017,Gex,Tony,Delmage,Python,wdelmagepd@furl.net
2014,Villeurbanne,Tony,Gallaher,Python,ggallaherph@reuters.com
2019,Gex,Eric,Larose,Python,mlarosepi@w3.org
2010,Gex,Michel,Udell,Python,mudellpn@cmu.edu
2021,Saint-Martin,Tony,Crumly,Python,ccrumlypw@vimeo.com
2008,Saint-Martin,Nicolas,Lghan,Python,alghanqh@china.com.cn
2012,Villeurbanne,Cedric,Holborn,Python,mholbornqm@gmpg.org
2012,Charbonnieres,Lucas,Sleaford,Python,jsleafordqn@washingtonpost.com
2017,Charbonnieres,Lena,Romer,Python,bromerqr@mail.ru
2015,Remote,Amanda,Durrett,Python,bdurrettqt@nationalgeographic.com
2014,Saint-Martin,Theo,Dennant,Python,vdennantqv@latimes.com
2008,Gex,Lucas,Block,Python,jblockqw@fda.gov
2020,Villeurbanne,Mathieu,Betton,Python,mbettonr2@google.com.au
2009,Saint-Martin,Cedric,Priest,Python,tpriestr9@cam.ac.uk
2016,Gex,Cedric,Olland,Python,follandrd@twitpic.com
2018,Villeurbanne,Ali,Danford,Python,fdanfordrg@indiatimes.com
2013,Gex,Maude,Henfre,Python,mhenfrern@exblog.jp
2017,Remote,Jennifer,Adrian,Python,aadrianrr@skype.com
